--
-- PostgreSQL database dump
--

-- Dumped from database version 14.5
-- Dumped by pg_dump version 14.5

-- Started on 2022-12-11 18:51:35

SET statement_timeout = 0;
SET lock_timeout = 0;
SET idle_in_transaction_session_timeout = 0;
SET client_encoding = 'UTF8';
SET standard_conforming_strings = on;
SELECT pg_catalog.set_config('search_path', '', false);
SET check_function_bodies = false;
SET xmloption = content;
SET client_min_messages = warning;
SET row_security = off;

SET default_tablespace = '';

SET default_table_access_method = heap;

--
-- TOC entry 210 (class 1259 OID 33058)
-- Name: category; Type: TABLE; Schema: public; Owner: postgres
--

CREATE TABLE public.category (
    id integer NOT NULL,
    name character varying(255)
);


ALTER TABLE public.category OWNER TO postgres;

--
-- TOC entry 209 (class 1259 OID 33057)
-- Name: category_id_seq; Type: SEQUENCE; Schema: public; Owner: postgres
--

ALTER TABLE public.category ALTER COLUMN id ADD GENERATED BY DEFAULT AS IDENTITY (
    SEQUENCE NAME public.category_id_seq
    START WITH 1
    INCREMENT BY 1
    NO MINVALUE
    NO MAXVALUE
    CACHE 1
);


--
-- TOC entry 212 (class 1259 OID 33064)
-- Name: image; Type: TABLE; Schema: public; Owner: postgres
--

CREATE TABLE public.image (
    id integer NOT NULL,
    file_name character varying(255),
    product_id integer NOT NULL
);


ALTER TABLE public.image OWNER TO postgres;

--
-- TOC entry 211 (class 1259 OID 33063)
-- Name: image_id_seq; Type: SEQUENCE; Schema: public; Owner: postgres
--

ALTER TABLE public.image ALTER COLUMN id ADD GENERATED BY DEFAULT AS IDENTITY (
    SEQUENCE NAME public.image_id_seq
    START WITH 1
    INCREMENT BY 1
    NO MINVALUE
    NO MAXVALUE
    CACHE 1
);


--
-- TOC entry 214 (class 1259 OID 33070)
-- Name: orders; Type: TABLE; Schema: public; Owner: postgres
--

CREATE TABLE public.orders (
    id integer NOT NULL,
    count integer NOT NULL,
    date_time timestamp without time zone,
    number character varying(255),
    price real NOT NULL,
    status integer,
    person_id integer NOT NULL,
    product_id integer NOT NULL
);


ALTER TABLE public.orders OWNER TO postgres;

--
-- TOC entry 213 (class 1259 OID 33069)
-- Name: orders_id_seq; Type: SEQUENCE; Schema: public; Owner: postgres
--

ALTER TABLE public.orders ALTER COLUMN id ADD GENERATED BY DEFAULT AS IDENTITY (
    SEQUENCE NAME public.orders_id_seq
    START WITH 1
    INCREMENT BY 1
    NO MINVALUE
    NO MAXVALUE
    CACHE 1
);


--
-- TOC entry 216 (class 1259 OID 33076)
-- Name: person; Type: TABLE; Schema: public; Owner: postgres
--

CREATE TABLE public.person (
    id integer NOT NULL,
    birthday text NOT NULL,
    date_time_of_created timestamp without time zone,
    email text NOT NULL,
    firstname text NOT NULL,
    lastname text NOT NULL,
    login character varying(50),
    password character varying(255),
    patronymic text,
    phone_number text NOT NULL,
    role character varying(255)
);


ALTER TABLE public.person OWNER TO postgres;

--
-- TOC entry 215 (class 1259 OID 33075)
-- Name: person_id_seq; Type: SEQUENCE; Schema: public; Owner: postgres
--

ALTER TABLE public.person ALTER COLUMN id ADD GENERATED BY DEFAULT AS IDENTITY (
    SEQUENCE NAME public.person_id_seq
    START WITH 1
    INCREMENT BY 1
    NO MINVALUE
    NO MAXVALUE
    CACHE 1
);


--
-- TOC entry 218 (class 1259 OID 33084)
-- Name: product; Type: TABLE; Schema: public; Owner: postgres
--

CREATE TABLE public.product (
    id integer NOT NULL,
    date_time_of_created timestamp without time zone,
    description text NOT NULL,
    price real NOT NULL,
    seller character varying(255) NOT NULL,
    title text NOT NULL,
    warehouse character varying(255) NOT NULL,
    category_id integer NOT NULL,
    CONSTRAINT product_price_check CHECK ((price >= (1)::double precision))
);


ALTER TABLE public.product OWNER TO postgres;

--
-- TOC entry 220 (class 1259 OID 33093)
-- Name: product_cart; Type: TABLE; Schema: public; Owner: postgres
--

CREATE TABLE public.product_cart (
    id integer NOT NULL,
    person_id integer,
    product_id integer
);


ALTER TABLE public.product_cart OWNER TO postgres;

--
-- TOC entry 219 (class 1259 OID 33092)
-- Name: product_cart_id_seq; Type: SEQUENCE; Schema: public; Owner: postgres
--

ALTER TABLE public.product_cart ALTER COLUMN id ADD GENERATED BY DEFAULT AS IDENTITY (
    SEQUENCE NAME public.product_cart_id_seq
    START WITH 1
    INCREMENT BY 1
    NO MINVALUE
    NO MAXVALUE
    CACHE 1
);


--
-- TOC entry 217 (class 1259 OID 33083)
-- Name: product_id_seq; Type: SEQUENCE; Schema: public; Owner: postgres
--

ALTER TABLE public.product ALTER COLUMN id ADD GENERATED BY DEFAULT AS IDENTITY (
    SEQUENCE NAME public.product_id_seq
    START WITH 1
    INCREMENT BY 1
    NO MINVALUE
    NO MAXVALUE
    CACHE 1
);


--
-- TOC entry 3354 (class 0 OID 33058)
-- Dependencies: 210
-- Data for Name: category; Type: TABLE DATA; Schema: public; Owner: postgres
--

INSERT INTO public.category (id, name) VALUES (3, 'Цветочный');
INSERT INTO public.category (id, name) VALUES (1, 'Ферментированный');
INSERT INTO public.category (id, name) VALUES (2, 'Травяной');


--
-- TOC entry 3356 (class 0 OID 33064)
-- Dependencies: 212
-- Data for Name: image; Type: TABLE DATA; Schema: public; Owner: postgres
--

INSERT INTO public.image (id, file_name, product_id) VALUES (11, 'e5d81827-abf4-49ba-ad59-6a9a0f774c02.2.jpg', 3);
INSERT INTO public.image (id, file_name, product_id) VALUES (12, '7dbd8375-632b-4a72-abd1-90007f82e4a9.1.png', 3);
INSERT INTO public.image (id, file_name, product_id) VALUES (13, 'cbc8512d-27ee-4f84-9429-749bc84f5106.1.jpg', 3);
INSERT INTO public.image (id, file_name, product_id) VALUES (14, '531f9aac-af71-4a23-9bdf-ac2c41053068.', 3);
INSERT INTO public.image (id, file_name, product_id) VALUES (15, '907d1d16-88ea-4321-88e9-6fad1fa50ee5.', 3);
INSERT INTO public.image (id, file_name, product_id) VALUES (16, '67a44aca-9385-407e-b995-3df6d825bd5f.3.jpg', 4);
INSERT INTO public.image (id, file_name, product_id) VALUES (17, 'f6a520c6-bd4c-4d30-8355-ed691841daa9.4.jpg', 4);
INSERT INTO public.image (id, file_name, product_id) VALUES (18, '2e4376f5-b2db-413f-8a76-c0283b559d9a.', 4);
INSERT INTO public.image (id, file_name, product_id) VALUES (19, '65da67a4-d103-4e06-8e0d-6de26ecb29df.', 4);
INSERT INTO public.image (id, file_name, product_id) VALUES (20, '8bf40b0b-0216-4e57-ab0d-162f7d30fea2.', 4);
INSERT INTO public.image (id, file_name, product_id) VALUES (21, 'b5f9e2f0-f6a1-43ec-8f10-7238d26eb224.3.png', 7);
INSERT INTO public.image (id, file_name, product_id) VALUES (22, '0090ab2c-7b6c-4a97-85f9-942b6302db93.4.png', 7);
INSERT INTO public.image (id, file_name, product_id) VALUES (23, '627e56f6-ff6e-403f-8a23-110ca5b39d70.3.png', 7);
INSERT INTO public.image (id, file_name, product_id) VALUES (24, '2301e166-5148-4d5c-bdf1-82e2f92701cd.', 7);
INSERT INTO public.image (id, file_name, product_id) VALUES (25, 'f3579a02-bc4b-4fe9-8922-b0223201ac11.', 7);
INSERT INTO public.image (id, file_name, product_id) VALUES (26, '6cfd62fb-89b7-400d-af42-a6de38ae6a32.14.jpg', 8);
INSERT INTO public.image (id, file_name, product_id) VALUES (27, '7ee2d6a3-310e-40b4-ae3d-916f6da50c5d.15.jpg', 8);
INSERT INTO public.image (id, file_name, product_id) VALUES (28, 'bf2969bb-fd44-4a44-bd64-89686d1461f9.', 8);
INSERT INTO public.image (id, file_name, product_id) VALUES (29, 'e57b9447-3e7c-4f85-863c-d6b76824b895.', 8);
INSERT INTO public.image (id, file_name, product_id) VALUES (30, 'c1988ce4-da83-448b-86bb-d9a8c0550736.', 8);


--
-- TOC entry 3358 (class 0 OID 33070)
-- Dependencies: 214
-- Data for Name: orders; Type: TABLE DATA; Schema: public; Owner: postgres
--

INSERT INTO public.orders (id, count, date_time, number, price, status, person_id, product_id) VALUES (7, 1, '2022-12-09 15:57:25.84458', 'edff19a5-5524-4db7-8feb-840b52279c02', 200, 1, 5, 7);
INSERT INTO public.orders (id, count, date_time, number, price, status, person_id, product_id) VALUES (8, 1, '2022-12-09 15:58:56.378441', 'a96b99ee-1222-4caa-ac91-2f0252ffe902', 500, 1, 5, 4);
INSERT INTO public.orders (id, count, date_time, number, price, status, person_id, product_id) VALUES (9, 1, '2022-12-09 15:59:59.6107', 'b6579b8f-f208-4086-8095-f684684f119e', 500, 1, 5, 4);
INSERT INTO public.orders (id, count, date_time, number, price, status, person_id, product_id) VALUES (10, 1, '2022-12-09 16:01:34.279006', '59968a49-d13c-4dbf-b1c7-b8949dfcc285', 400, 1, 5, 3);
INSERT INTO public.orders (id, count, date_time, number, price, status, person_id, product_id) VALUES (11, 1, '2022-12-09 16:01:34.309246', '59968a49-d13c-4dbf-b1c7-b8949dfcc285', 500, 1, 5, 4);
INSERT INTO public.orders (id, count, date_time, number, price, status, person_id, product_id) VALUES (13, 1, '2022-12-09 16:03:10.896455', 'd9f14ed2-8d96-48e4-aa2f-b63f3da50d85', 500, 1, 5, 4);
INSERT INTO public.orders (id, count, date_time, number, price, status, person_id, product_id) VALUES (14, 1, '2022-12-09 16:05:24.390898', 'a8a0d891-ad73-4087-9fb3-d8902465b90d', 500, 1, 5, 4);
INSERT INTO public.orders (id, count, date_time, number, price, status, person_id, product_id) VALUES (15, 1, '2022-12-09 16:05:24.437653', 'a8a0d891-ad73-4087-9fb3-d8902465b90d', 500, 1, 5, 4);
INSERT INTO public.orders (id, count, date_time, number, price, status, person_id, product_id) VALUES (16, 1, '2022-12-09 16:13:28.306233', 'c93ab588-01c2-40bd-a4c7-b19b023d1582', 400, 1, 5, 3);
INSERT INTO public.orders (id, count, date_time, number, price, status, person_id, product_id) VALUES (2, 1, '2022-12-09 15:44:37.029494', 'fa9e7dbb-ff3a-459a-b5f3-3b65c84c35e2', 500, 3, 5, 4);
INSERT INTO public.orders (id, count, date_time, number, price, status, person_id, product_id) VALUES (3, 1, '2022-12-09 15:45:57.453553', 'f4141758-7bbd-48d7-9b87-37b99c668d23', 500, 2, 5, 4);
INSERT INTO public.orders (id, count, date_time, number, price, status, person_id, product_id) VALUES (12, 1, '2022-12-09 16:01:34.318244', '59968a49-d13c-4dbf-b1c7-b8949dfcc285', 500, 4, 5, 8);
INSERT INTO public.orders (id, count, date_time, number, price, status, person_id, product_id) VALUES (1, 1, '2022-12-09 15:37:57.493249', 'b88e4b41-b78a-4782-90a3-6c3186837fb7', 500, 4, 5, 4);
INSERT INTO public.orders (id, count, date_time, number, price, status, person_id, product_id) VALUES (4, 1, '2022-12-09 15:55:22.784939', '5b79f705-e1b1-4e4c-8d7e-48037f476b8f', 200, 4, 5, 7);
INSERT INTO public.orders (id, count, date_time, number, price, status, person_id, product_id) VALUES (5, 1, '2022-12-09 15:55:22.820915', '5b79f705-e1b1-4e4c-8d7e-48037f476b8f', 400, 4, 5, 3);
INSERT INTO public.orders (id, count, date_time, number, price, status, person_id, product_id) VALUES (6, 1, '2022-12-09 15:55:22.828912', '5b79f705-e1b1-4e4c-8d7e-48037f476b8f', 400, 3, 5, 3);


--
-- TOC entry 3360 (class 0 OID 33076)
-- Dependencies: 216
-- Data for Name: person; Type: TABLE DATA; Schema: public; Owner: postgres
--

INSERT INTO public.person (id, birthday, date_time_of_created, email, firstname, lastname, login, password, patronymic, phone_number, role) VALUES (2, '10.10.1995', '2022-12-07 10:48:47.981018', 'swsw1@mail.ru', 'Петр', 'Петров', 'Admin', '$2a$10$uCHmsJrBsh42pZCO4H5Ipen5FzWYjNnPZ7ErjKcn1zsYeVCDl3uam', 'Петрович', '89998883366', 'ROLE_ADMIN');
INSERT INTO public.person (id, birthday, date_time_of_created, email, firstname, lastname, login, password, patronymic, phone_number, role) VALUES (5, '12.12.1989', '2022-12-09 14:28:55.444513', 'swsw@mail.ru', 'Иван ', 'Иванов', 'user_test', '$2a$10$KLZ0u3BiiqbspvQRQjTTH.u3hMzuTGxJjCYEYvbpafV1shnJIMl92', 'Иванович', '89998882244', 'ROLE_USER');


--
-- TOC entry 3362 (class 0 OID 33084)
-- Dependencies: 218
-- Data for Name: product; Type: TABLE DATA; Schema: public; Owner: postgres
--

INSERT INTO public.product (id, date_time_of_created, description, price, seller, title, warehouse, category_id) VALUES (4, '2022-12-09 14:51:53.967166', 'Ферментированный чай из малиновых листьев', 500, 'Садовод', 'Малинка', '1', 1);
INSERT INTO public.product (id, date_time_of_created, description, price, seller, title, warehouse, category_id) VALUES (3, NULL, 'Ферментированный чай из ежевичных листьев', 400, 'Садовод', 'Ежевичка', '1', 1);
INSERT INTO public.product (id, date_time_of_created, description, price, seller, title, warehouse, category_id) VALUES (7, '2022-12-09 14:55:34.265908', 'Чай из листьев мяты', 200, 'Садовод', 'Мята', '1', 2);
INSERT INTO public.product (id, date_time_of_created, description, price, seller, title, warehouse, category_id) VALUES (8, '2022-12-09 14:56:44.422688', 'Чай из сушеных листьев черной смородины', 500, 'Садовод', 'Черная смородинка', '1', 2);


--
-- TOC entry 3364 (class 0 OID 33093)
-- Dependencies: 220
-- Data for Name: product_cart; Type: TABLE DATA; Schema: public; Owner: postgres
--



--
-- TOC entry 3370 (class 0 OID 0)
-- Dependencies: 209
-- Name: category_id_seq; Type: SEQUENCE SET; Schema: public; Owner: postgres
--

SELECT pg_catalog.setval('public.category_id_seq', 1, false);


--
-- TOC entry 3371 (class 0 OID 0)
-- Dependencies: 211
-- Name: image_id_seq; Type: SEQUENCE SET; Schema: public; Owner: postgres
--

SELECT pg_catalog.setval('public.image_id_seq', 30, true);


--
-- TOC entry 3372 (class 0 OID 0)
-- Dependencies: 213
-- Name: orders_id_seq; Type: SEQUENCE SET; Schema: public; Owner: postgres
--

SELECT pg_catalog.setval('public.orders_id_seq', 16, true);


--
-- TOC entry 3373 (class 0 OID 0)
-- Dependencies: 215
-- Name: person_id_seq; Type: SEQUENCE SET; Schema: public; Owner: postgres
--

SELECT pg_catalog.setval('public.person_id_seq', 5, true);


--
-- TOC entry 3374 (class 0 OID 0)
-- Dependencies: 219
-- Name: product_cart_id_seq; Type: SEQUENCE SET; Schema: public; Owner: postgres
--

SELECT pg_catalog.setval('public.product_cart_id_seq', 21, true);


--
-- TOC entry 3375 (class 0 OID 0)
-- Dependencies: 217
-- Name: product_id_seq; Type: SEQUENCE SET; Schema: public; Owner: postgres
--

SELECT pg_catalog.setval('public.product_id_seq', 8, true);


--
-- TOC entry 3191 (class 2606 OID 33062)
-- Name: category category_pkey; Type: CONSTRAINT; Schema: public; Owner: postgres
--

ALTER TABLE ONLY public.category
    ADD CONSTRAINT category_pkey PRIMARY KEY (id);


--
-- TOC entry 3193 (class 2606 OID 33068)
-- Name: image image_pkey; Type: CONSTRAINT; Schema: public; Owner: postgres
--

ALTER TABLE ONLY public.image
    ADD CONSTRAINT image_pkey PRIMARY KEY (id);


--
-- TOC entry 3195 (class 2606 OID 33074)
-- Name: orders orders_pkey; Type: CONSTRAINT; Schema: public; Owner: postgres
--

ALTER TABLE ONLY public.orders
    ADD CONSTRAINT orders_pkey PRIMARY KEY (id);


--
-- TOC entry 3197 (class 2606 OID 33082)
-- Name: person person_pkey; Type: CONSTRAINT; Schema: public; Owner: postgres
--

ALTER TABLE ONLY public.person
    ADD CONSTRAINT person_pkey PRIMARY KEY (id);


--
-- TOC entry 3207 (class 2606 OID 33097)
-- Name: product_cart product_cart_pkey; Type: CONSTRAINT; Schema: public; Owner: postgres
--

ALTER TABLE ONLY public.product_cart
    ADD CONSTRAINT product_cart_pkey PRIMARY KEY (id);


--
-- TOC entry 3203 (class 2606 OID 33091)
-- Name: product product_pkey; Type: CONSTRAINT; Schema: public; Owner: postgres
--

ALTER TABLE ONLY public.product
    ADD CONSTRAINT product_pkey PRIMARY KEY (id);


--
-- TOC entry 3199 (class 2606 OID 33101)
-- Name: person uk_2ldqhx89sy06ya51rrnndhwmc; Type: CONSTRAINT; Schema: public; Owner: postgres
--

ALTER TABLE ONLY public.person
    ADD CONSTRAINT uk_2ldqhx89sy06ya51rrnndhwmc UNIQUE (phone_number);


--
-- TOC entry 3201 (class 2606 OID 33099)
-- Name: person uk_fwmwi44u55bo4rvwsv0cln012; Type: CONSTRAINT; Schema: public; Owner: postgres
--

ALTER TABLE ONLY public.person
    ADD CONSTRAINT uk_fwmwi44u55bo4rvwsv0cln012 UNIQUE (email);


--
-- TOC entry 3205 (class 2606 OID 33103)
-- Name: product uk_qka6vxqdy1dprtqnx9trdd47c; Type: CONSTRAINT; Schema: public; Owner: postgres
--

ALTER TABLE ONLY public.product
    ADD CONSTRAINT uk_qka6vxqdy1dprtqnx9trdd47c UNIQUE (title);


--
-- TOC entry 3209 (class 2606 OID 33109)
-- Name: orders fk1b0m4muwx1t377w9if3w6wwqn; Type: FK CONSTRAINT; Schema: public; Owner: postgres
--

ALTER TABLE ONLY public.orders
    ADD CONSTRAINT fk1b0m4muwx1t377w9if3w6wwqn FOREIGN KEY (person_id) REFERENCES public.person(id);


--
-- TOC entry 3211 (class 2606 OID 33119)
-- Name: product fk1mtsbur82frn64de7balymq9s; Type: FK CONSTRAINT; Schema: public; Owner: postgres
--

ALTER TABLE ONLY public.product
    ADD CONSTRAINT fk1mtsbur82frn64de7balymq9s FOREIGN KEY (category_id) REFERENCES public.category(id);


--
-- TOC entry 3210 (class 2606 OID 33114)
-- Name: orders fk787ibr3guwp6xobrpbofnv7le; Type: FK CONSTRAINT; Schema: public; Owner: postgres
--

ALTER TABLE ONLY public.orders
    ADD CONSTRAINT fk787ibr3guwp6xobrpbofnv7le FOREIGN KEY (product_id) REFERENCES public.product(id);


--
-- TOC entry 3208 (class 2606 OID 33104)
-- Name: image fkgpextbyee3uk9u6o2381m7ft1; Type: FK CONSTRAINT; Schema: public; Owner: postgres
--

ALTER TABLE ONLY public.image
    ADD CONSTRAINT fkgpextbyee3uk9u6o2381m7ft1 FOREIGN KEY (product_id) REFERENCES public.product(id);


--
-- TOC entry 3213 (class 2606 OID 33129)
-- Name: product_cart fkhpnrxdy3jhujameyod08ilvvw; Type: FK CONSTRAINT; Schema: public; Owner: postgres
--

ALTER TABLE ONLY public.product_cart
    ADD CONSTRAINT fkhpnrxdy3jhujameyod08ilvvw FOREIGN KEY (product_id) REFERENCES public.product(id);


--
-- TOC entry 3212 (class 2606 OID 33124)
-- Name: product_cart fksgnkc1ko2i1o9yr2p63ysq3rn; Type: FK CONSTRAINT; Schema: public; Owner: postgres
--

ALTER TABLE ONLY public.product_cart
    ADD CONSTRAINT fksgnkc1ko2i1o9yr2p63ysq3rn FOREIGN KEY (person_id) REFERENCES public.person(id);


-- Completed on 2022-12-11 18:51:36

--
-- PostgreSQL database dump complete
--

